{"cameraMode":{"drawMode":0,"name":"Shaded","section":"Shading Mode"},"sceneLighting":true,"audioPlay":false,"sceneViewState":{"m_AlwaysRefresh":false,"showFog":true,"showSkybox":true,"showFlares":true,"showImageEffects":true,"showParticleSystems":true,"showVisualEffectGraphs":true,"m_FxEnabled":true},"in2DMode":false,"pivot":{"x":375.13604736328127,"y":297.61376953125,"z":-93.75785827636719},"rotation":{"x":-0.02848910354077816,"y":-0.021282680332660676,"z":0.0008345491369254887,"w":-0.9994575381278992},"size":298.2396240234375,"orthographic":false}